condition,metric,method,target,planned,available,covered,coverage_planned_pct,coverage_available_pct,wilson_low_pct,wilson_high_pct,mean_width_pp,reference_minus3se_coverage_pct,reference_plus3se_coverage_pct
RF_H_C,FSR,conditional_percentile,fitted_policy,1000,1000,929,92.9,92.9,91.13863365698452,94.33303046495486,10.822985318443285,92.8,93.0
RF_H_C,FSR,conditional_percentile,procedure_average,1000,1000,925,92.5,92.5,90.69990602607456,93.97481950265328,10.822985318443285,92.3,92.4
RF_H_C,FSR,refit_percentile,fitted_policy,1000,1000,985,98.5,98.5,97.53990230730932,99.08890211959184,12.63176474909935,98.5,98.5
RF_H_C,FSR,refit_percentile,procedure_average,1000,1000,983,98.3,98.3,97.294404115977,98.93593101431837,12.63176474909935,98.3,98.3
RF_H_C,FSR,refit_basic,fitted_policy,1000,1000,929,92.9,92.9,91.13863365698452,94.33303046495486,12.63176474909935,92.9,92.9
RF_H_C,FSR,refit_basic,procedure_average,1000,1000,928,92.8,92.8,91.02882164172793,94.24360783190856,12.63176474909935,92.7,92.8
RF_H_C,FSR,conditional_sandwich_t,fitted_policy,1000,1000,940,94.0,94.0,92.35289252086434,95.3103527324068,11.093571282569812,94.0,93.9
RF_H_C,FSR,conditional_sandwich_t,procedure_average,1000,1000,934,93.4,93.4,91.6890724094024,94.77876495405143,11.093571282569812,93.3,93.4
RF_H_C,FSR,refit_BCa,fitted_policy,1000,1000,915,91.5,91.5,89.60871089966437,93.07366814603455,12.784164184694788,91.5,91.8
RF_H_C,FSR,refit_BCa,procedure_average,1000,1000,909,90.9,90.9,88.957441593046,92.52952956283559,12.784164184694788,90.8,90.9
RF_H_C,recall,conditional_percentile,fitted_policy,1000,1000,929,92.9,92.9,91.13863365698452,94.33303046495486,3.3072703123620437,92.9,93.1
RF_H_C,recall,conditional_percentile,procedure_average,1000,1000,880,88.0,88.0,85.83909241522872,89.87007393986909,3.3072703123620437,88.0,88.0
RF_H_C,recall,refit_percentile,fitted_policy,1000,1000,992,99.2,99.2,98.42936654690199,99.5940804181194,4.2400107668185845,99.1,99.3
RF_H_C,recall,refit_percentile,procedure_average,1000,1000,970,97.0,97.0,95.74965858524128,97.89062611711653,4.2400107668185845,97.0,97.0
RF_H_C,recall,refit_basic,fitted_policy,1000,1000,954,95.4,95.4,93.91877960583808,96.5337507236735,4.2400107668185845,95.4,95.4
RF_H_C,recall,refit_basic,procedure_average,1000,1000,923,92.3,92.3,90.48104693818263,93.79520929393942,4.2400107668185845,92.2,92.3
RF_H_C,recall,conditional_sandwich_t,fitted_policy,1000,1000,946,94.6,94.6,93.02078451539475,95.83786862769372,3.479781433408871,94.4,94.7
RF_H_C,recall,conditional_sandwich_t,procedure_average,1000,1000,899,89.9,89.9,87.87702573809261,91.6175989347601,3.479781433408871,90.1,90.2
RF_H_C,recall,refit_BCa,fitted_policy,1000,1000,943,94.3,94.3,92.6862932340514,95.57465596412841,4.249003855710696,94.4,94.5
RF_H_C,recall,refit_BCa,procedure_average,1000,1000,918,91.8,91.8,89.93527833262955,93.34480465797806,4.249003855710696,91.8,91.8
RF_H_Q125,FSR,conditional_percentile,fitted_policy,1000,1000,913,91.3,91.3,89.39135189433067,92.8925578547625,10.249337111478791,91.3,91.3
RF_H_Q125,FSR,conditional_percentile,procedure_average,1000,1000,878,87.8,87.8,85.62557152982502,89.68512552866702,10.249337111478791,88.0,87.8
RF_H_Q125,FSR,refit_percentile,fitted_policy,1000,1000,977,97.7,97.7,96.57235493377733,98.46257230670071,13.298293198004757,97.6,97.8
RF_H_Q125,FSR,refit_percentile,procedure_average,1000,1000,991,99.1,99.1,98.2984183834662,99.52579393325229,13.298293198004757,99.1,99.1
RF_H_Q125,FSR,refit_basic,fitted_policy,1000,1000,948,94.8,94.8,93.24442606807199,96.01269637162227,13.298293198004757,94.8,94.7
RF_H_Q125,FSR,refit_basic,procedure_average,1000,1000,903,90.3,90.3,88.30847944509657,91.98308382096769,13.298293198004757,90.0,90.1
RF_H_Q125,FSR,conditional_sandwich_t,fitted_policy,1000,1000,928,92.8,92.8,91.02882164172793,94.24360783190856,10.515341939756674,92.5,92.7
RF_H_Q125,FSR,conditional_sandwich_t,procedure_average,1000,1000,901,90.1,90.1,88.09263810632503,91.80045586313346,10.515341939756674,90.0,90.3
RF_H_Q125,FSR,refit_BCa,fitted_policy,1000,1000,924,92.4,92.4,90.59043568759517,93.88505519282977,13.370343046921127,92.7,92.4
RF_H_Q125,FSR,refit_BCa,procedure_average,1000,1000,872,87.2,87.2,84.98604138497564,89.12924778369906,13.370343046921127,87.2,87.3
RF_H_Q125,recall,conditional_percentile,fitted_policy,1000,1000,931,93.1,93.1,91.35852797713628,94.51160544140889,3.116706718097378,92.9,93.1
RF_H_Q125,recall,conditional_percentile,procedure_average,1000,1000,778,77.8,77.8,75.12053591381822,80.26669631438492,3.116706718097378,77.4,77.7
RF_H_Q125,recall,refit_percentile,fitted_policy,1000,1000,976,97.6,97.6,96.45370943883886,98.3819831533363,5.560057543637825,97.6,97.7
RF_H_Q125,recall,refit_percentile,procedure_average,1000,1000,997,99.7,99.7,99.12169859464969,99.89792161188615,5.560057543637825,99.7,99.7
RF_H_Q125,recall,refit_basic,fitted_policy,1000,1000,971,97.1,97.1,95.86616416633058,97.97335518433013,5.560057543637825,97.0,97.1
RF_H_Q125,recall,refit_basic,procedure_average,1000,1000,831,83.1,83.1,80.6516311368376,85.29503745141864,5.560057543637825,83.0,83.2
RF_H_Q125,recall,conditional_sandwich_t,fitted_policy,1000,1000,953,95.3,95.3,93.80600619184716,96.44728948936154,3.2795136663768707,95.0,95.7
RF_H_Q125,recall,conditional_sandwich_t,procedure_average,1000,1000,805,80.5,80.5,77.929577121571,82.83699061081016,3.2795136663768707,80.6,80.6
RF_H_Q125,recall,refit_BCa,fitted_policy,1000,1000,970,97.0,97.0,95.74965858524128,97.89062611711653,5.294885903620357,97.0,97.1
RF_H_Q125,recall,refit_BCa,procedure_average,1000,1000,813,81.3,81.3,78.76522642371056,83.59521849509368,5.294885903620357,81.4,81.6
NE_H_C,FSR,conditional_percentile,fitted_policy,1000,1000,930,93.0,93.0,91.24853518487167,94.4223635853706,7.7191799629744695,93.0,93.0
NE_H_C,FSR,conditional_percentile,procedure_average,1000,1000,467,46.7,46.7,43.62630649735458,49.79895010865009,7.7191799629744695,46.7,46.7
NE_H_C,FSR,refit_percentile,fitted_policy,1000,1000,1000,100.0,100.0,99.61732415144449,100.0,26.30522687172397,100.0,100.0
NE_H_C,FSR,refit_percentile,procedure_average,1000,1000,995,99.5,99.5,98.8349044626625,99.78624644726756,26.30522687172397,99.5,99.5
NE_H_C,FSR,refit_basic,fitted_policy,1000,1000,1000,100.0,100.0,99.61732415144449,100.0,26.30522687172397,100.0,100.0
NE_H_C,FSR,refit_basic,procedure_average,1000,1000,880,88.0,88.0,85.83909241522872,89.87007393986909,26.30522687172397,88.0,88.0
NE_H_C,FSR,conditional_sandwich_t,fitted_policy,1000,1000,943,94.3,94.3,92.6862932340514,95.57465596412841,7.856340513827586,94.3,94.3
NE_H_C,FSR,conditional_sandwich_t,procedure_average,1000,1000,474,47.4,47.4,44.32107820528304,50.498820938841845,7.856340513827586,47.4,47.4
NE_H_C,FSR,refit_BCa,fitted_policy,1000,1000,999,99.9,99.9,99.4357441402042,99.98234536293738,26.00822224732254,99.9,99.9
NE_H_C,FSR,refit_BCa,procedure_average,1000,1000,901,90.1,90.1,88.09263810632503,91.80045586313346,26.00822224732254,90.1,90.1
NE_H_C,recall,conditional_percentile,fitted_policy,1000,1000,949,94.9,94.9,93.35645136552382,96.09990572247332,7.250172819240336,94.9,94.9
NE_H_C,recall,conditional_percentile,procedure_average,1000,1000,647,64.7,64.7,61.68686714441486,67.60062615610984,7.250172819240336,64.7,64.7
NE_H_C,recall,refit_percentile,fitted_policy,1000,1000,1000,100.0,100.0,99.61732415144449,100.0,17.96415051519353,100.0,100.0
NE_H_C,recall,refit_percentile,procedure_average,1000,1000,998,99.8,99.8,99.27371921365079,99.94513564118793,17.96415051519353,99.8,99.8
NE_H_C,recall,refit_basic,fitted_policy,1000,1000,997,99.7,99.7,99.12169859464969,99.89792161188615,17.964150515193527,99.7,99.7
NE_H_C,recall,refit_basic,procedure_average,1000,1000,909,90.9,90.9,88.957441593046,92.52952956283559,17.964150515193527,90.9,90.9
NE_H_C,recall,conditional_sandwich_t,fitted_policy,1000,1000,958,95.8,95.8,94.37155747733968,96.87791144538346,7.372769158125597,95.8,95.8
NE_H_C,recall,conditional_sandwich_t,procedure_average,1000,1000,661,66.1,66.1,63.109437492134354,68.96734088463077,7.372769158125597,66.1,66.1
NE_H_C,recall,refit_BCa,fitted_policy,1000,1000,994,99.4,99.4,98.69718317581479,99.72473308581236,17.73434612491216,99.4,99.4
NE_H_C,recall,refit_BCa,procedure_average,1000,1000,893,89.3,89.3,87.23150421383737,91.067712569198,17.73434612491216,89.3,89.3
